{"cameraMode":{"drawMode":0,"name":"Shaded","section":"Shading Mode"},"sceneLighting":true,"audioPlay":false,"sceneViewState":{"showFog":true,"showMaterialUpdate":false,"showSkybox":true,"showFlares":true,"showImageEffects":true,"showParticleSystems":true},"in2DMode":false,"pivot":{"x":10.604348182678223,"y":-0.3333320617675781,"z":8.826786994934082},"rotation":{"x":0.5109972953796387,"y":0.2494266927242279,"z":-0.15793520212173463,"w":0.8073315024375916},"size":56.26454544067383,"orthographic":false}