{"cameraMode":{"drawMode":0,"name":"Shaded","section":"Shading Mode"},"sceneLighting":true,"audioPlay":false,"sceneViewState":{"showFog":true,"showMaterialUpdate":false,"showSkybox":true,"showFlares":true,"showImageEffects":true,"showParticleSystems":true},"in2DMode":false,"pivot":{"x":30.562145233154298,"y":-3.5327892303466799,"z":-12.985790252685547},"rotation":{"x":0.5109972953796387,"y":0.2494266927242279,"z":-0.15793520212173463,"w":0.8073315024375916},"size":18.104639053344728,"orthographic":false}