{"cameraMode":{"drawMode":0,"name":"Shaded","section":"Shading Mode"},"sceneLighting":true,"audioPlay":false,"sceneViewState":{"showFog":true,"showMaterialUpdate":true,"showSkybox":true,"showFlares":true,"showImageEffects":true,"showParticleSystems":true},"in2DMode":false,"pivot":{"x":-27.09172248840332,"y":-468.74859619140627,"z":57.4051399230957},"rotation":{"x":0.5307756662368774,"y":-0.028005370870232583,"z":0.01745857112109661,"w":0.8469451069831848},"size":262.6439208984375,"orthographic":false}
