{"cameraMode":{"drawMode":0,"name":"Shaded","section":"Shading Mode"},"sceneLighting":true,"audioPlay":false,"sceneViewState":{"showFog":true,"showMaterialUpdate":true,"showSkybox":true,"showFlares":true,"showImageEffects":true,"showParticleSystems":true},"in2DMode":false,"pivot":{"x":-183.7363739013672,"y":-406.73828125,"z":-17.788314819335939},"rotation":{"x":0.6610970497131348,"y":0.03702143207192421,"z":-0.03282369673252106,"w":0.748744785785675},"size":1951.414794921875,"orthographic":false}