{"cameraMode":{"drawMode":0,"name":"Shaded","section":"Shading Mode"},"sceneLighting":true,"audioPlay":false,"sceneViewState":{"showFog":true,"showMaterialUpdate":true,"showSkybox":true,"showFlares":true,"showImageEffects":true,"showParticleSystems":true},"in2DMode":false,"pivot":{"x":7.3337812423706059,"y":10.26586627960205,"z":-6.5667829513549809},"rotation":{"x":-0.04982375353574753,"y":0.0996142029762268,"z":0.004949935246258974,"w":0.9938408136367798},"size":34.16532897949219,"orthographic":false}