{"cameraMode":{"drawMode":0,"name":"Shaded","section":"Shading Mode"},"sceneLighting":true,"audioPlay":false,"sceneViewState":{"showFog":true,"showMaterialUpdate":true,"showSkybox":true,"showFlares":true,"showImageEffects":true,"showParticleSystems":true},"in2DMode":false,"pivot":{"x":101.97532653808594,"y":-337.4822082519531,"z":-180.30148315429688},"rotation":{"x":0.3567892611026764,"y":0.00697344122454524,"z":-0.002750036073848605,"w":0.9342276453971863},"size":628.640869140625,"orthographic":false}