{"cameraMode":{"drawMode":0,"name":"Shaded","section":"Shading Mode"},"sceneLighting":true,"audioPlay":false,"sceneViewState":{"showFog":true,"showMaterialUpdate":true,"showSkybox":true,"showFlares":true,"showImageEffects":true,"showParticleSystems":true},"in2DMode":false,"pivot":{"x":31.5424861907959,"y":-1203.856201171875,"z":106.58267211914063},"rotation":{"x":0.6596420407295227,"y":-0.005701954942196608,"z":0.0048820860683918,"w":0.7516215443611145},"size":3043.773681640625,"orthographic":false}