{"cameraMode":{"drawMode":0,"name":"Shaded","section":"Shading Mode"},"sceneLighting":false,"audioPlay":false,"sceneViewState":{"showFog":true,"showMaterialUpdate":true,"showSkybox":true,"showFlares":true,"showImageEffects":true,"showParticleSystems":true},"in2DMode":false,"pivot":{"x":74.46441650390625,"y":-724.703125,"z":820.8334350585938},"rotation":{"x":0.34273561835289,"y":0.0070219747722148899,"z":-0.0026206900365650656,"w":0.9394720792770386},"size":1295.9425048828125,"orthographic":false}