{"cameraMode":{"drawMode":0,"name":"Shaded","section":"Shading Mode"},"sceneLighting":true,"audioPlay":false,"sceneViewState":{"showFog":true,"showMaterialUpdate":true,"showSkybox":true,"showFlares":true,"showImageEffects":true,"showParticleSystems":true},"in2DMode":false,"pivot":{"x":-119.92903900146485,"y":-394.5107421875,"z":54.51958465576172},"rotation":{"x":0.6823193430900574,"y":-0.03291725739836693,"z":0.030673019587993623,"w":0.7297555804252625},"size":1203.6895751953125,"orthographic":false}
