{"cameraMode":{"drawMode":0,"name":"Shaded","section":"Shading Mode"},"sceneLighting":true,"audioPlay":false,"sceneViewState":{"showFog":true,"showMaterialUpdate":true,"showSkybox":true,"showFlares":true,"showImageEffects":true,"showParticleSystems":true},"in2DMode":false,"pivot":{"x":133.2626953125,"y":-377.8363037109375,"z":69.75595092773438},"rotation":{"x":0.6673870086669922,"y":0.014446995221078396,"z":-0.013088859617710114,"w":0.7445341944694519},"size":3404.62890625,"orthographic":false}