{"cameraMode":{"drawMode":0,"name":"Shaded","section":"Shading Mode"},"sceneLighting":true,"audioPlay":false,"sceneViewState":{"showFog":true,"showMaterialUpdate":true,"showSkybox":true,"showFlares":true,"showImageEffects":true,"showParticleSystems":true},"in2DMode":false,"pivot":{"x":141.2793731689453,"y":-975.204833984375,"z":151.49917602539063},"rotation":{"x":0.6817355155944824,"y":0.016389718279242517,"z":-0.015406536869704724,"w":0.7313340902328491},"size":4741.96044921875,"orthographic":false}